actor,movie_or_TV_name
Joel McHale,
Joel McHale,
Joel McHale,
Joel McHale,
Joel McHale,
Joel McHale,
Joel McHale,
Joel McHale,
Joel McHale,
Joel McHale,
Joel McHale,
Joel McHale,
Joel McHale,
Joel McHale,
Joel McHale,
Joel McHale,
Joel McHale,
Joel McHale,
Joel McHale,
Joel McHale,
Joel McHale,
Joel McHale,
Joel McHale,
Joel McHale,
Joel McHale,
Joel McHale,
Joel McHale,
Joel McHale,
Joel McHale,
Joel McHale,
Joel McHale,
Joel McHale,
Joel McHale,
Joel McHale,
Joel McHale,
Joel McHale,
Joel McHale,
Joel McHale,
Joel McHale,
Joel McHale,
Joel McHale,
Joel McHale,
Joel McHale,
Joel McHale,
Joel McHale,
Joel McHale,
Joel McHale,
Joel McHale,
Joel McHale,
Joel McHale,
Joel McHale,
Joel McHale,
Joel McHale,
Joel McHale,
Joel McHale,
Joel McHale,
Joel McHale,
Joel McHale,
Joel McHale,
Joel McHale,
Joel McHale,
Joel McHale,
Joel McHale,
Joel McHale,
Joel McHale,
Joel McHale,
Joel McHale,
Joel McHale,
Joel McHale,
Joel McHale,
Joel McHale,
Joel McHale,
Joel McHale,
Joel McHale,
Joel McHale,
Joel McHale,
Joel McHale,
Joel McHale,
Joel McHale,
Joel McHale,
Joel McHale,
Joel McHale,
Joel McHale,
Joel McHale,
Joel McHale,
Joel McHale,
Joel McHale,
Joel McHale,
Joel McHale,
Joel McHale,
Joel McHale,
Joel McHale,
Joel McHale,
Joel McHale,
Joel McHale,
Joel McHale,
Joel McHale,
Joel McHale,
Joel McHale,
Joel McHale,
Joel McHale,
Joel McHale,
Joel McHale,
Joel McHale,
Joel McHale,
Joel McHale,
Joel McHale,
Joel McHale,
Joel McHale,
Joel McHale,
Joel McHale,
Joel McHale,
Joel McHale,
Joel McHale,
Joel McHale,
Joel McHale,
Joel McHale,
Joel McHale,
Joel McHale,
Joel McHale,
Joel McHale,
Joel McHale,
Joel McHale,
Joel McHale,
Joel McHale,
Joel McHale,
Joel McHale,
Joel McHale,
Joel McHale,
Joel McHale,
Joel McHale,
Joel McHale,
Joel McHale,
Joel McHale,
Joel McHale,
Joel McHale,
Joel McHale,
Joel McHale,
Joel McHale,
Joel McHale,
Joel McHale,
Joel McHale,
Joel McHale,
Joel McHale,
Joel McHale,
Joel McHale,
Joel McHale,
Joel McHale,
Joel McHale,
Joel McHale,
Joel McHale,
Joel McHale,
Joel McHale,
Joel McHale,
Joel McHale,
Joel McHale,
Joel McHale,
Joel McHale,
Joel McHale,
Joel McHale,
Joel McHale,
Joel McHale,
Joel McHale,
Joel McHale,
Joel McHale,
Joel McHale,
Joel McHale,
Joel McHale,
Joel McHale,
Joel McHale,
Joel McHale,
Joel McHale,
Joel McHale,
Joel McHale,
Joel McHale,
Joel McHale,
Joel McHale,
Joel McHale,
Joel McHale,
Charley Koontz,
Charley Koontz,
Charley Koontz,
Charley Koontz,
Charley Koontz,
Charley Koontz,
Charley Koontz,
Charley Koontz,
Charley Koontz,
Charley Koontz,
Charley Koontz,
Charley Koontz,
Charley Koontz,
Charley Koontz,
Charley Koontz,
Charley Koontz,
Charley Koontz,
Charley Koontz,
Charley Koontz,
Charley Koontz,
Charley Koontz,
Charley Koontz,
Charley Koontz,
Charley Koontz,
Charley Koontz,
Charley Koontz,
Charley Koontz,
Charley Koontz,
Charley Koontz,
Charley Koontz,
Charley Koontz,
Danielle Kaplowitz,
Danielle Kaplowitz,
Danielle Kaplowitz,
Dino Stamatopoulos,
Dino Stamatopoulos,
Dino Stamatopoulos,
Dino Stamatopoulos,
Dino Stamatopoulos,
Dino Stamatopoulos,
Dino Stamatopoulos,
Dino Stamatopoulos,
Dino Stamatopoulos,
Dino Stamatopoulos,
Dino Stamatopoulos,
Dino Stamatopoulos,
Dino Stamatopoulos,
Dino Stamatopoulos,
Dino Stamatopoulos,
Dino Stamatopoulos,
Dino Stamatopoulos,
Dino Stamatopoulos,
Dino Stamatopoulos,
Dino Stamatopoulos,
Dino Stamatopoulos,
Dino Stamatopoulos,
Dino Stamatopoulos,
Dino Stamatopoulos,
Dino Stamatopoulos,
Dino Stamatopoulos,
Dino Stamatopoulos,
Erik Charles Nielsen,
Erik Charles Nielsen,
Erik Charles Nielsen,
Erik Charles Nielsen,
Erik Charles Nielsen,
Erik Charles Nielsen,
Erik Charles Nielsen,
Erik Charles Nielsen,
Erik Charles Nielsen,
Richard Erdman,
Richard Erdman,
Richard Erdman,
Richard Erdman,
Richard Erdman,
Richard Erdman,
Richard Erdman,
Richard Erdman,
Richard Erdman,
Richard Erdman,
Richard Erdman,
Richard Erdman,
Richard Erdman,
Richard Erdman,
Richard Erdman,
Richard Erdman,
Richard Erdman,
Richard Erdman,
Richard Erdman,
Richard Erdman,
Richard Erdman,
Richard Erdman,
Richard Erdman,
Richard Erdman,
Richard Erdman,
Richard Erdman,
Richard Erdman,
Richard Erdman,
Richard Erdman,
Richard Erdman,
Richard Erdman,
Richard Erdman,
Richard Erdman,
Richard Erdman,
Richard Erdman,
Richard Erdman,
Richard Erdman,
Richard Erdman,
Richard Erdman,
Richard Erdman,
Richard Erdman,
Richard Erdman,
Richard Erdman,
Richard Erdman,
Richard Erdman,
Richard Erdman,
Richard Erdman,
Richard Erdman,
Richard Erdman,
Richard Erdman,
Richard Erdman,
Richard Erdman,
Richard Erdman,
Richard Erdman,
Richard Erdman,
Richard Erdman,
Richard Erdman,
Richard Erdman,
Richard Erdman,
Richard Erdman,
Richard Erdman,
Richard Erdman,
Richard Erdman,
Richard Erdman,
Richard Erdman,
Richard Erdman,
Richard Erdman,
Richard Erdman,
Richard Erdman,
Richard Erdman,
Richard Erdman,
Richard Erdman,
Richard Erdman,
Richard Erdman,
Richard Erdman,
Richard Erdman,
Richard Erdman,
Richard Erdman,
Richard Erdman,
Richard Erdman,
Richard Erdman,
Richard Erdman,
Richard Erdman,
Richard Erdman,
Richard Erdman,
Richard Erdman,
Richard Erdman,
Richard Erdman,
Richard Erdman,
Richard Erdman,
Richard Erdman,
Richard Erdman,
Richard Erdman,
Richard Erdman,
Richard Erdman,
Richard Erdman,
Richard Erdman,
Richard Erdman,
Richard Erdman,
Richard Erdman,
Richard Erdman,
Richard Erdman,
Richard Erdman,
Richard Erdman,
Richard Erdman,
Richard Erdman,
Richard Erdman,
Richard Erdman,
Richard Erdman,
Richard Erdman,
Richard Erdman,
Richard Erdman,
Richard Erdman,
Richard Erdman,
Richard Erdman,
Richard Erdman,
Richard Erdman,
Richard Erdman,
Richard Erdman,
Richard Erdman,
Richard Erdman,
Richard Erdman,
Richard Erdman,
Richard Erdman,
Richard Erdman,
Richard Erdman,
Richard Erdman,
Richard Erdman,
Richard Erdman,
Richard Erdman,
Richard Erdman,
Richard Erdman,
Richard Erdman,
Richard Erdman,
Richard Erdman,
Richard Erdman,
Richard Erdman,
Richard Erdman,
Richard Erdman,
Richard Erdman,
Richard Erdman,
Richard Erdman,
Richard Erdman,
Richard Erdman,
Richard Erdman,
Richard Erdman,
Richard Erdman,
Chevy Chase,
Chevy Chase,
Chevy Chase,
Chevy Chase,
Chevy Chase,
Chevy Chase,
Chevy Chase,
Chevy Chase,
Chevy Chase,
Chevy Chase,
Chevy Chase,
Chevy Chase,
Chevy Chase,
Chevy Chase,
Chevy Chase,
Chevy Chase,
Chevy Chase,
Chevy Chase,
Chevy Chase,
Chevy Chase,
Chevy Chase,
Chevy Chase,
Chevy Chase,
Chevy Chase,
Chevy Chase,
Chevy Chase,
Chevy Chase,
Chevy Chase,
Chevy Chase,
Chevy Chase,
Chevy Chase,
Chevy Chase,
Chevy Chase,
Chevy Chase,
Chevy Chase,
Chevy Chase,
Chevy Chase,
Chevy Chase,
Chevy Chase,
Chevy Chase,
Chevy Chase,
Chevy Chase,
Chevy Chase,
Chevy Chase,
Chevy Chase,
Chevy Chase,
Chevy Chase,
Chevy Chase,
Chevy Chase,
Chevy Chase,
Chevy Chase,
Chevy Chase,
Chevy Chase,
Chevy Chase,
Chevy Chase,
Chevy Chase,
Chevy Chase,
Chevy Chase,
Chevy Chase,
Chevy Chase,
Chevy Chase,
Chevy Chase,
Chevy Chase,
Chevy Chase,
Chevy Chase,
Chevy Chase,
Chevy Chase,
Chevy Chase,
Chevy Chase,
Chevy Chase,
Chevy Chase,
Chevy Chase,
Chevy Chase,
Chevy Chase,
Chevy Chase,
Chevy Chase,
Chevy Chase,
Chevy Chase,
Chevy Chase,
Chevy Chase,
Chevy Chase,
Chevy Chase,
Chevy Chase,
Chevy Chase,
Chevy Chase,
Chevy Chase,
Chevy Chase,
Chevy Chase,
Chevy Chase,
Chevy Chase,
Chevy Chase,
Chevy Chase,
Chevy Chase,
Chevy Chase,
Chevy Chase,
Chevy Chase,
Chevy Chase,
Chevy Chase,
Chevy Chase,
Chevy Chase,
Chevy Chase,
Chevy Chase,
Chevy Chase,
Chevy Chase,
Chevy Chase,
Chevy Chase,
Chevy Chase,
Chevy Chase,
Chevy Chase,
Chevy Chase,
Chevy Chase,
Chevy Chase,
Chevy Chase,
Chevy Chase,
Chevy Chase,
Chevy Chase,
Chevy Chase,
Chevy Chase,
Chevy Chase,
Chevy Chase,
Chevy Chase,
Chevy Chase,
Chevy Chase,
Chevy Chase,
Chevy Chase,
Chevy Chase,
Chevy Chase,
Chevy Chase,
Chevy Chase,
Chevy Chase,
Chevy Chase,
Chevy Chase,
Chevy Chase,
Chevy Chase,
Chevy Chase,
Chevy Chase,
Chevy Chase,
Chevy Chase,
Chevy Chase,
Chevy Chase,
Chevy Chase,
Chevy Chase,
Chevy Chase,
Chevy Chase,
Chevy Chase,
Chevy Chase,
Chevy Chase,
Chevy Chase,
Chevy Chase,
Chevy Chase,
Chevy Chase,
Chevy Chase,
Chevy Chase,
Chevy Chase,
Chevy Chase,
Chevy Chase,
Chevy Chase,
Chevy Chase,
Chevy Chase,
Chevy Chase,
Chevy Chase,
Donald Glover,
Donald Glover,
Donald Glover,
Donald Glover,
Donald Glover,
Donald Glover,
Donald Glover,
Donald Glover,
Donald Glover,
Donald Glover,
Donald Glover,
Donald Glover,
Donald Glover,
Donald Glover,
Donald Glover,
Donald Glover,
Donald Glover,
Donald Glover,
Donald Glover,
Donald Glover,
Donald Glover,
Donald Glover,
Donald Glover,
Donald Glover,
Donald Glover,
Donald Glover,
Donald Glover,
Donald Glover,
Donald Glover,
Donald Glover,
Donald Glover,
Donald Glover,
Donald Glover,
Donald Glover,
Donald Glover,
Donald Glover,
Donald Glover,
Donald Glover,
Donald Glover,
Donald Glover,
Donald Glover,
Donald Glover,
Donald Glover,
Donald Glover,
Donald Glover,
Donald Glover,
Donald Glover,
Donald Glover,
Donald Glover,
Donald Glover,
Donald Glover,
Donald Glover,
Donald Glover,
Donald Glover,
Donald Glover,
Donald Glover,
Donald Glover,
Donald Glover,
Donald Glover,
Zach Paez,
Zach Paez,
Zach Paez,
Zach Paez,
Zach Paez,
Zach Paez,
Vera Santamaria,
Vera Santamaria,
Vera Santamaria,
Vera Santamaria,
Vera Santamaria,
Vera Santamaria,
Vera Santamaria,
Tim Hobert,
Tim Hobert,
Tim Hobert,
Tim Hobert,
Tim Hobert,
Tim Hobert,
Tim Hobert,
Tim Hobert,
Tim Hobert,
Tim Hobert,
Stephen Basilone,
Stephen Basilone,
Stephen Basilone,
Stephen Basilone,
Stephen Basilone,
Stephen Basilone,
Stephen Basilone,
Stephen Basilone,
Stephen Basilone,
Sona Panos,
Sona Panos,
Sona Panos,
Parker Deay,
Parker Deay,
Parker Deay,
Parker Deay,
